show_id,registration_id,registered_by,sagir_id,dog_name_he,arena_id,class_id
1378,16716,250257,153055,"Confident Wilson",2174,309545
1378,16717,250257,1005367,,2174,309544
1378,16725,248541,149586,,2176,310144
1378,16726,248541,1016508,,2176,310138
1378,16727,248541,1017146,"Future King",2176,310135
1378,16732,230786,150589,XS-Chupi,2183,312684
1378,16733,258298,1003687,,2183,312603
1378,16737,248765,142771,,2175,309883
1378,16740,254568,1018785,,2175,309976
1378,16742,248956,1006748,Allora,2181,312040
1378,16743,248956,1010918,,2181,312039
1378,16746,229605,1001062,,2174,309402
1378,16747,248785,127469,,2175,309888
1378,16749,256455,1000745,,2179,311499
1378,16750,229152,151774,"Being As An Ocean",2183,312784
1378,16755,251864,1000163,,2182,312240
1378,16756,251864,1006105,Chanel,2182,312232
1378,16757,251864,1016789,,2182,312239
1378,16769,249864,1003761,,2174,309769
1378,16777,249944,142294,קובה,2179,311504
1378,16784,231713,153259,,2177,310843
1378,16785,231713,1016555,"Marcel My Delightful",2177,310839
1378,16786,231713,1020343,,2177,310835
1378,16790,260472,1006891,,2175,309851
1378,16793,248836,1000644,,2182,312255
1378,16804,227107,1009545,"Secret Eyes Only",2182,312312
1378,16806,249135,1000883,,2176,310124
1378,16807,249135,1010794,,2176,310473
1378,16810,0,1001056,"Wilma Caramel",2176,310124
1378,16812,227107,15205,,2182,312322
1378,16817,250750,147066,מלק,2183,312607
1378,16822,260567,19206,,2182,312255
1378,16824,0,1000748,COPPER,2183,312747
1378,16826,250308,18957,,2174,309470
1378,16827,250308,1004757,,2174,309463
1378,16833,260182,1006414,Chloe,2176,310184
1378,16839,230958,1019504,BRITNY,2183,312518
1378,16842,254293,145710,Iron,2183,312559
1378,16844,248701,1020658,,2174,309832
1378,16845,248701,1020659,,2174,309829
1378,16851,250563,1007030,,2183,312571
1378,16859,231689,142951,,2175,309984
1378,16867,251957,150291,,2177,310799
1378,16874,231036,14865,,2175,309921
1378,16875,231036,147772,"Quality of Gemma",2175,309920
1378,16876,231036,152444,SALEROSA,2175,309916
1378,16877,231036,1015374,"YOU'RE SPARK OF LIFE",2175,309962
1378,16878,231036,1018929,"Z Oscar",2175,309909
1378,16881,261109,1011776,Anthony,2176,310167
1378,16888,249620,1005708,"Treasure of My Heart",2177,310839
1378,16890,260274,1017985,"Bonita Favorite",2177,310838
1378,16894,249621,1016608,ALPINA,2177,310840
1378,16895,250079,1003147,OPAL,2183,312636
1378,16896,250079,1006660,,2183,312680
1378,16897,250079,1019607,,2183,312679
1378,16907,231236,103547,"ירושלים של זהב",2179,311409
1378,16908,231236,113305,"גאוות ישראל מ",2179,311410
1378,16909,231236,1017977,גבריאלה,2179,311400
1378,16913,249496,147773,"Qiana of Gemma",2175,309920
1378,16915,227792,1000273,,2183,312640
1378,16921,249201,1018767,"Once Upon A Time",2182,312362
1378,16922,258923,1004429,Vida,2175,309914
1378,16925,256593,1000890,"צ'ארלי CHARLIE",2174,309449
1378,16931,249669,1017629,"Bella Fortuna bet on success",2177,310920
1378,16935,230344,16405,,2183,312769
1378,16936,230344,148106,,2174,309405
1378,16940,260693,1007223,,2183,312895
1378,16943,261603,1016494,,2176,310312
1378,16947,231844,1004826,"Unique of Kalmia",2175,309914
1378,16952,249010,19272,,2181,312043
1378,16953,261601,1016489,,2175,309911
1378,16958,262071,1017412,Caesar,2179,311383
1378,16959,230392,1016244,"King of The Castel",2180,311943
1378,16968,232151,15556,,2182,312257
1378,16969,232151,1016562,,2182,312247
1378,16973,250117,146894,"JE TIAME",2175,309920
1378,16979,229513,149214,"Rainy Hunter",2182,312255
1378,16980,229513,1004095,"Raini Sky",2182,312250
1378,16981,229513,1019273,"Beauty Nikita",2182,312248
1378,16982,227832,123504,,2177,310802
1378,16983,231186,1007232,,2174,309624
1378,16988,230381,19306,,2182,312320
1378,17026,228740,19279,,2177,310688
1378,17259,250596,1001512,"WHITE QUEEN",2183,312682
1378,17260,250596,1016241,,2183,312681
1378,17262,231571,1000306,,2177,310683
1378,17265,230234,149062,Erel,2183,312763
1378,17267,0,138390,,2183,312764
1378,17274,248679,126947,,2180,311903
1378,17276,252018,150664,"Fenix ",2180,311947
1378,17281,227827,1005707,"Secret of My Soul",2177,310839
1378,17282,227827,1018970,"Fashion Zara",2177,310840
1378,17283,259884,1005977,,2179,311450
1378,17288,248597,1002594,אמבוש,2176,310186
1378,17291,248542,19310,,2177,310847
1378,17299,252094,16409,,2177,311106
1378,17301,230597,1017938,Mars-bono,2176,310183
1378,17310,250729,18424,,2183,312479
1378,17319,263561,1020237,Patricua-Sophia,2178,311172
1378,17321,251880,1004130,Juventas,2182,312234
1378,17329,249673,18454,,2177,310815
1378,17330,249673,150213,"Gaius Julius",2177,310815
1378,17331,249673,1004593,"Millennium Star",2177,310809
1378,17334,231648,150325,,2175,309948
1378,17336,263558,1020235,"Nicolas Nico",2178,311171
1378,17340,229863,149671,SINDY,2183,312912
1378,17341,229863,1005445,Tylor,2183,312905
1378,17342,229863,1005677,Whitney,2183,312924
1378,17343,229863,1005970,"Valentino Romeo",2183,312921
1378,17344,229863,1018901,"OLIMPIA ORLY",2183,312904
1378,17353,251580,151151,,2175,309979
1378,17356,0,125504,,2177,310913
1378,17362,0,1002608,,2181,312107
1378,17363,0,1004722,פיליפה,2181,312108
1378,17367,255866,151349,דין,2177,311067
1378,17369,249527,1002632,,2177,311066
1378,17377,231456,134231,,2175,309886
1378,17378,231456,1019025,"Go Trophy Von",2175,309866
1378,17383,0,1017309,,2183,312761
1378,17384,0,1017310,,2183,312764
1378,17392,228843,16105,,2177,310690
1378,17394,228843,1000652,,2177,310683
1378,17399,228823,16452,,2177,310847
1378,17400,228823,1006146,,2177,310841
1378,17404,260004,1006047,Snow,2179,311337
1378,17410,260435,1006772,"James Bond Martin",2174,309445
1378,17411,250545,1002592,"A PABLO פאבלו",2176,310185
1378,17416,250509,152926,,2183,312651
1378,17417,250509,1004834,,2183,312649
1378,17427,0,1005415,,2179,311291
1378,17433,229698,1005081,Galateya,2183,312618
1378,17434,229698,1017111,"Jack Pot",2183,312615
1378,17435,252124,1005754,עזיז,2179,311431
1378,17436,252124,1019288,BARBY,2179,311432
1378,17439,228986,1004491,Dostoevsky,2177,310841
1378,17442,227888,141737,"פורטונאיס פאריטאל",2177,310752
1378,17444,263129,1019327,Brabus,2177,310837
1378,17447,229138,1017042,Gino,2175,309867
1378,17451,248829,145862,ריי,2180,311887
1378,17457,231249,1006641,,2177,310840
1378,17458,231249,1008921,"Quantum of  Love",2177,310840
1378,17459,259237,1004981,Aray,2179,311817
1378,17460,259237,1017792,,2179,311816
1378,17466,248608,18450,,2178,311183
1378,17467,248608,19148,,2178,311184
1378,17468,248608,152304,"margarita navarskaya",2178,311180
1378,17469,248608,1018792,"Orlando Bloom",2178,311173
1378,17475,248608,1020238,"Pearl Black Veronica",2178,311172
1378,17483,248506,1016708,"Olympia Vinn Basmadottir",2184,313050
1378,17485,0,1012778,,2179,311434
1378,17487,250495,1017114,Jasmin,2183,312616
1378,17493,231628,148529,A-Cherra,2176,310192
1378,17494,231628,1002647,קורה,2176,310186
1378,17502,256358,152931,,2176,310528
1378,17503,256358,1016967,Thor,2183,312551
1378,17506,231240,145474,"wind of change",2184,313088
1378,17507,231240,1005036,,2184,313081
1378,17509,259900,1005925,"Anton Dusen",2183,312455
1378,17514,0,1015370,,2175,309959
1378,17515,231298,151787,,2175,309983
1378,17516,231298,152457,"Wonderful Jewel  of",2177,310796
1378,17517,231298,152464,,2175,309980
1378,17518,231298,1001018,"Zlata's Zeus of",2175,309977
1378,17519,231298,1001019,,2175,309978
1378,17520,231298,1001148,,2177,310796
1378,17521,231298,1001154,,2177,310795
1378,17522,231298,1016617,"Elite Sweet Lollipop of",2177,310792
1378,17523,231298,1017121,,2175,309976
1378,17524,231298,1019102,,2175,309974
1378,17528,260184,1006416,Beyonce,2177,310840
1378,17530,256352,1001513,,2174,309385
1378,17533,259258,1005014,Ralphie,2182,312233
1378,17541,0,1020741,,2177,311063
1378,17546,0,152936,דליה,2175,310044
1378,17551,249127,17227,,2184,313039
1378,17552,249127,1007218,,2181,312026
1378,17553,248913,1000223,,2182,312236
1378,17558,254584,1017178,"Beuty Trend - Oskar",2183,312471
1378,17561,250144,18606,,2175,309967
1378,17564,249072,1000092,,2182,312400
1378,17570,248779,151837,Charizard,2175,309876
1378,17574,250138,1008950,"Irish Cream My Love",2183,312808
1378,17588,263351,1019606,,2178,311164
1378,17589,263351,1020097,,2178,311244
1378,17593,229234,152135,"SHEFITA BEPITA",2183,312480
1378,17594,231946,148977,,2174,309262
1378,17599,231113,16199,,2174,309389
1378,17600,231113,18320,,2174,309453
1378,17601,231113,1005059,,2174,309384
1378,17614,0,1019518,"BELL - בל",2174,309252
1378,17615,0,1019609,T-Rex,2174,309763
1378,17618,228159,1012755,Furore,2178,311145
1378,17619,228159,1012756,Firenze,2178,311146
1378,17625,249490,19178,,2175,309984
1378,17631,231298,15155,,2175,309969
1378,17632,231298,1011793,"Captain Good Hope of",2175,309975
1378,17654,231265,1000226,,2183,312668
1378,17655,231265,1000743,,2183,312667
1378,17656,231265,1006484,Maggie,2183,312664
1378,17657,231265,1007193,"Mona Lisa",2183,312664
1378,17665,0,126973,,2175,309938
1378,17666,0,1001425,DIEGO,2175,309935
1378,17667,0,1001427,DEENA,2175,309936
1378,17673,0,151507,"STAR OF DAVID",2184,313051
1378,17679,262549,1018009,,2182,312312
1378,17680,0,138979,מיילי,2179,311436
1378,17684,256701,1001037,,2179,311455
1378,17692,261080,1016709,"Venera Maria Bint Aziz",2184,313048
1378,17696,231596,19292,,2177,310751
1378,17697,231596,147740,"גלפירה דפפי גלמור",2177,310748
1378,17698,231298,1014769,"Beautiful Bloom of",2175,309978
1378,17699,249452,19732,,2175,309964
1378,17706,229745,147611,"Armageddon Peacekipper",2175,310015
1378,17707,229745,1006809,,2175,310012
1378,17708,229745,1016507,"Bastion Onyx From Bearded Brigade",2175,310007
1378,17712,229296,152551,,2175,309980
1378,17713,248834,145860,אפולו,2180,311887
1378,17716,249374,1000266,,2176,310604
1378,17720,228773,1001137,,2183,312780
1378,17724,227193,1002609,"ALL OUT OF LOVE",2177,310842
1378,17727,231071,1005898,"Vladermark The White",2175,310041
1378,17737,250467,151148,,2175,309980
1378,17744,230901,19240,,2180,311948
1378,17745,230901,1000236,,2177,310924
1378,17746,230901,1020078,,2180,311947
1378,17749,249644,1008848,"Ocean Song Sergphine",2182,312250
1378,17755,249622,147936,"מינה מדונה",2177,310924
1378,17756,249622,1005123,,2177,310923
1378,17762,228952,1003768,,2183,312748
1378,17774,231428,17623,,2179,311520
1378,17775,231428,146146,"שינטואינו אקארי",2179,311520
1378,17776,231428,153296,Bunjirou,2179,311515
1378,17781,251639,151187,"Baklava Dulcet",2175,309886
1378,17785,230097,1000864,Cooper,2174,309259
1378,17793,230673,1017461,,2174,309252
1378,17794,230673,1017462,ENDORRA,2174,309252
1378,17797,248593,1001377,ג'יין,2181,312060
1378,17802,250576,143995,Luciano,2175,309919
1378,17805,262634,1018644,,2176,310599
1378,17810,228184,1002836,Matteo,2177,310699
1378,17814,0,149642,,2182,312288
1378,17818,230648,1000451,Macarena,2177,310844
1378,17821,230757,138438,,2174,309626
1378,17822,0,1016566,,2174,309625
1378,17826,232162,139766,,2183,312560
1378,17827,232162,1016386,Richi,2183,312552
1378,17847,0,1017161,Mikaela,2182,312232
1378,17850,0,145404,,2174,309385
1378,17852,254180,1001225,,2176,310524
1378,17860,251520,19297,,2183,312479
1378,17865,249945,145249,Leo,2179,311567
1378,17869,231601,19239,,2179,311372
1378,17872,227319,1019021,"Grand Von",2175,309864
1378,17877,0,1003889,"Biant azure blood",2175,309875
1378,17884,0,1001414,,2179,311564
1378,17885,0,1004696,,2179,311562
1378,17889,231505,153370,,2176,310092
1378,17895,0,1001025,PERSEPHONE,2175,309994
1378,17895,0,1001025,PERSEPHONE,2175,309994
1378,17901,0,1000100,,2174,309545
1378,17910,0,1007224,,2183,312554
1378,17924,231954,1001969,"Arina Grande",2182,312250
1378,17926,230905,152782,ר.נינט,2175,309852
1378,17929,230905,1006053,סביון,2175,309850
1378,17933,262105,1006413,Crystal,2176,310184
1378,17937,262749,1018773,Aqua,2182,312360
1378,17938,250160,1000113,,2183,312460
1378,17947,256532,1001043,"MA-ROCCO GO",2179,311563
1378,17955,231662,1008858,ברנדה,2177,310840
1378,17956,231662,1017582,"Amica Donna Mia",2183,312808
1378,17957,0,19146,,2182,312320
1378,17958,254419,146463,,2179,311503
1378,17959,258467,1004020,"EL TAJ",2184,313049
1378,17970,0,141330,,2183,312656
1378,17971,0,151652," Nisan Solaris",2183,312655
1378,17972,0,1005371,Tiffany,2183,312650
1378,17973,0,1017605,"EVA MARIA",2183,312648
1378,17974,0,1018797,,2183,312938
1378,17975,0,1018870,,2183,312935
1378,17975,0,1018870,,2183,312935
1378,17975,0,1018870,,2183,312935
1378,17988,251725,1017021,,2181,312151
1378,17990,257865,1002822,"Sam Samuel",2183,312587
1378,17993,249747,917959,"Belle The Little Princess",2177,311136
1378,18002,0,1020853,,2178,311239
1378,18007,231784,151770,"Cherry Blossom Beloved Cheddar",2182,312284
1378,18008,231784,1004829,,2182,312281
1378,18009,231784,1019366,,2182,312280
1378,18014,250490,1006796,"Aidan Golden Boy",2183,312457
1378,18020,0,1014797,Dryada,2175,309870
1378,18023,259936,1005967,,2177,310924
1378,18029,254556,1000276,,2179,311291
1378,18030,254556,1016683,,2179,311288
1378,18032,261374,1014794,Darys,2175,309867
1378,18049,0,1000167,,2174,309389
1378,18052,259208,1004952,"Amalteya Sendy Blaze of Glory",2175,309978
1378,18054,259867,1005838,Nira,2175,310010
1378,18058,256550,1001031,"Aurora Utrenyaya Zarya",2183,312778
1378,18067,248622,1000247,,2182,312255
1378,18068,248622,1001970,"Amore Mia",2182,312250
1378,18069,248622,1003968,,2183,312671
1378,18070,248622,1016235,ערבה,2182,312234
1378,18071,0,1006794,"Acidanthera Terra Nova",2183,312458
1378,18087,254563,1003996,,2183,312720
1378,18088,0,1000278,,2183,312879
1378,18088,0,1000278,,2183,312879
1378,18091,258119,1003145,,2175,309947
1378,18100,228636,1001061,,2174,309259
1378,18101,228840,151473,"Agent Provocateur",2177,310687
1378,18102,228840,151474,"Always With You",2177,310688
1378,18106,249618,19111,,2177,310959
1378,18115,263121,1019319,"LUXURY DIVA TIFFANY",2183,312872
1378,18120,227186,148918,"Quintessence of My Soul",2175,309920
1378,18121,227186,1019611,,2175,309912
1378,18122,227186,1020297,"CHARLIZE THERON",2175,309910
1378,18126,227186,148915,"Quantum Light",2175,309915
1378,18130,262200,1017594,Blue,2176,310519
1378,18132,231113,1020792,Lucia,2174,309442
1378,18135,230256,145374,EVEREST,2176,310095
1378,18136,230256,145377,EMMA,2176,310092
1378,18139,250509,146358,Yaha,2183,312656
1378,18141,228934,150494,"Cesar Emperor of The Park",2183,312559
1378,18145,230906,1020901,,2176,310183
1378,18151,249701,1002717,Dakimasu,2183,312649
1378,18154,227535,131260,,2174,309306
1378,18155,227535,136499,,2174,309309
1378,18156,227535,151065,ביצ'ו,2174,309326
1378,18162,230760,138234,,2183,312560
1378,18163,230760,1002141,"Elements of Style",2183,312555
1378,18163,230760,1002141,"Elements of Style",2183,312555
1378,18166,262940,1019027,"Galaxy Von",2175,309865
1378,18169,0,1005502,,2179,311499
1378,18171,231261,152453,סאמר,2183,312492
1378,18173,248745,143665,סקיי,2182,312236
1378,18185,256973,1001418,פליקר,2182,312233
1378,18186,256566,1000861,צ'אמפי,2174,309771
1378,18188,262269,1017662,"Rare Diamond",2183,312904
1378,18191,261654,1016607,Adam,2178,311143
1378,18194,258844,1004493,"Dancing Queen Dafna",2177,310842
1378,18195,229880,134140,,2176,310095
1378,18198,263922,1020858,ALLADIN,2175,309907
1378,18204,231063,1006460,"Benjamin Imperial Nobleman",2183,312535
1378,18205,231063,1017708,"luxury sweets",2183,312647
1378,18208,263979,1020935,FIFI,2179,311332
1378,18210,248779,127471,,2175,309889
1378,18212,262935,1019020,"Grifin Von",2175,309863
1378,18213,227112,1005402,,2179,311531
1378,18214,227112,1020660,,2179,311528
1378,18221,256526,1018991,"Appolonius of Rhodes",2179,311751
1378,18224,230129,1016747,,2176,310394
1378,18231,257426,1001975,"Auguste Louis",2182,312249
1378,18233,230931,16592,,2183,312657
1378,18234,230931,141333,,2183,312655
1378,18235,230931,1011817,Miyoshi,2183,312647
1378,18236,230931,1020837,,2183,312632
1378,18248,259337,1001751,Lenox,2176,310523
1378,18250,231384,143222,"Coco Chanel",2183,312768
1378,18251,231384,151844,"LUC BESSON",2183,312767
1378,18252,231384,1019405,,2183,312758
1378,18253,231384,1019408,,2183,312757
1378,18255,0,146107,Donna,2181,312092
1378,18259,252041,148050,"Winter Star Willy",2177,310975
1378,18276,250649,148563,"Elizabeth Eevee",2174,309390
1378,18281,229574,1000295,,2177,310940
1378,18286,253691,151838,Coraline,2175,309877
1378,18287,249104,1005041,,2174,309544
1378,18290,259891,1008856,ליזי,2177,310840
1378,18291,249405,1001020,Tor,2176,310347
1378,18293,0,144256,"בוני קפ",2182,312256
1378,18299,0,1004630,Zara,2179,311516
1378,18302,0,151153,,2175,310044
1378,18306,254340,149520,Moon,2179,311340
1378,18309,254579,1000310,,2184,313087
1378,18310,262723,1020357,Astrid,2176,310070
1378,18312,230713,152225,"Ivory Sky Avrelius Lucius",2183,312459
1378,18330,0,1001059,,2179,311548
1378,18341,0,1000627,,2183,312943
1378,18343,0,1006573,,2183,312940
1378,18353,227262,137443,,2179,311435
1378,18354,227262,1002682,,2179,311435
1378,18355,227262,1002723,,2179,311436
1378,18356,227262,1002724,,2179,311436
1378,18357,227262,1004484,,2179,311434
1378,18367,228389,1001079,,2183,312731
1378,18368,228389,1020394,,2184,312999
1378,18369,228389,1020490,,2184,313000
1378,18388,229060,1016691,משמש,2183,312600
1378,18392,250533,145559,,2183,312767
1378,18394,227544,19383,,2177,311040
1378,18396,257792,1002738,"AYADAUGHTER OF THE SEA",2183,312458
1378,18397,230163,131722,,2183,312540
1378,18398,230163,1001080,MACHO,2183,312537
1378,18399,230163,1004249,Pita,2183,312538
1378,18400,230163,1016591,,2183,312539
1378,18409,260972,1019355,"Sir enzo ferrari",2183,312551
1378,18416,257261,1002072,Loki,2176,310521
1378,18418,232153,1005016,,2182,312232
1378,18419,232153,1016619,,2182,312237
1378,18426,250012,18613,,2180,311936
1378,18428,229983,1000858,,2179,311552
1378,18429,232125,19300,,2183,312687
1378,18435,262048,1017372,Jaclyn_Zoe,2181,312040
1378,18437,0,142557,"Ankor Style Oharming Mylo",2179,311551
1378,18439,0,1006540,"Enter My Heart",2183,312744
1378,18440,227264,1019403,,2183,312645
1378,18447,231453,152260,"Alabama Spark of Love",2183,312540
1378,18448,231453,1020056,,2183,312536
1378,18452,229212,120113,,2177,310817
1378,18456,231515,1001540,"BOSSA NOVA",2177,310810
1378,18465,249652,147093,"A KIND OF MAGIC",2177,310811
1378,18469,232023,153400,DONNA,2176,310188
1378,18470,251506,148326,,2176,310526
1378,18472,254342,1000208,,2183,312880
1378,18473,254342,1016717,,2183,312874
1378,18475,232009,18578,,2183,312688
1378,18479,0,19185,,2183,312816
1378,18481,262585,1018062,Abooya,2184,313077
1378,18494,230221,144287,"Wonderful Whisky",2184,313039
1378,18495,230221,147021,"Zen Zodiac",2184,313040
1378,18496,230221,1001140,"Hercules Tibo Courtois",2176,310073
1378,18497,230221,1001141,"Happy Madona",2176,310074
1378,18498,230221,1020968,"ISR Vinicius Jr",2176,310067
1378,18499,230221,1020970,"ISR Hera the Queen",2176,310068
1378,18504,250104,1002736,"AMAZING STITCH OF THE NEW ERA",2183,312459
1378,18506,229621,118376,,2174,309312
1378,18507,229621,1004058,"Dare To Dream",2174,309656
1378,18508,229621,1005250,,2174,309655
1378,18509,229621,1019017,"Look at Me",2174,309301
1378,18510,229621,1019018,Luminous,2174,309302
1378,18534,0,144429,,2181,312064
1378,18535,0,150205,"bartley king of gypsies of glory-red",2181,312059
1378,18536,0,1002089,"PARIS HILTON OF",2182,312300
1378,18537,0,1006628,"Douze Points of",2182,312298
1378,18541,231921,1002550,,2178,311263
1378,18548,258455,1003999,,2183,312491
1378,18551,0,1017069,BERRY,2182,312247
1378,18552,250535,1008904,Alsy,2183,312519
1378,18555,0,149028,"Kehagshamat Halom Melodi",2184,313052
1378,18557,0,504892,"לוק החתיך",2184,313051
1378,18558,0,1020678,"Ya Rochi",2184,313043
1378,18559,0,1020681,"Ya Libi",2184,313044
1378,18561,261376,1014796,,2175,309869
1378,18565,228304,149065,Eccola,2183,312768
1378,18574,229574,17286,,2177,310943
1378,18581,256960,1019260,,2179,311514
1378,18582,256960,1020375,Miyoko,2179,311512
1378,18585,258246,1003282,Enigma,2178,311146
1378,18587,249454,18312,,2176,310399
1378,18590,258789,1019538,"Kiss From A Rose",2176,310392
1378,18595,249365,1001024,Mia,2176,310348
1378,18596,249365,1004629,Mio,2179,311516
1378,18603,229152,1020785,"Dark Angel",2183,312772
1378,18604,228033,113574,,2180,311906
1378,18605,228033,126943,,2180,311906
1378,18606,228033,126952,,2180,311905
1378,18607,228033,132350,,2180,311904
1378,18608,228033,145453,"utah ridge",2180,311904
1378,18610,229051,153334,Wallflower,2174,309322
1378,18614,229769,142654,"ג'אנים טמרלן",2176,310415
1378,18615,229769,152670,Fazilat,2176,310412
1378,18624,230911,139884,,2176,310528
1378,18625,230911,142995,"מיני פיקאצ'ו",2183,312560
1378,18626,230911,143311,דונאט,2176,310524
1378,18627,230911,152030,shugon,2176,310523
1378,18629,230911,152502,שוגר,2183,312556
1378,18630,230911,1004644,Glory,2176,310522
1378,18631,230911,1016966,Botten,2183,312552
1378,18644,227272,1000788,,2180,311900
1378,18645,0,17861,,2177,310811
1378,18646,0,127364,"מילקי אל תשאירו אותי לבד",2177,310818
1378,18647,0,136335,,2177,310816
1378,18648,0,139787,"תופין צפיחית מתוקה",2177,310816
1378,18649,0,141401,"אסיף חורפי",2177,310816
1378,18675,250118,1016491,"Tolik The King of The Ring",2175,309977
1378,18677,230216,148970,"Cupid Wings of Love",2184,313007
1378,18678,230216,149638,"Divniy Brilliant",2184,313003
1378,18679,230216,1020350,"Flame Concord",2184,312997
1378,18680,230216,1020354,"Fairy Tale",2184,312998
1378,18681,248542,1020986,"AMICELLI MON AMOUR",2177,310835
1378,18682,230216,148960,"Celestia Sunshine",2184,313008
1378,18688,256528,1000833,,2178,311231
1378,18688,256528,1000833,,2178,311231
1378,18689,263790,1020686,"Black Hot Chili Bonnie",2175,309940
1378,18696,260200,1006455,אוריון,2174,309767
1378,18697,253642,151780,Beatles,2183,312783
1378,18698,259431,1005340,איאנמי,2182,312250
1378,18700,227054,1004305,Trixy,2183,312554
1378,18703,229736,152181,"Gloria Vita",2175,310012
1378,18704,229736,1002697,"Diva Victoria",2175,310010
1378,18705,256960,1002363,,2179,311516
1378,18717,249186,1000204,,2181,312076
1378,18730,248609,151496,אמה,2175,309948
1378,18731,248609,1007082,סימון,2175,309944
1378,18732,248609,1007225,,2175,309977
1378,18733,248609,1007226,,2175,309978
1378,18734,248609,1018880,,2175,309964
1378,18735,0,1003165,,2176,310383
1378,18736,254448,1000251,,2182,312251
1378,18737,254448,1020817,,2182,312248
1378,18744,232154,1000742,,2182,312284
1378,18746,0,130738,"סקאיי  ",2182,312287
1378,18747,249191,147567,מונה,2181,312108
1378,18756,0,19701,,2183,312687
1378,18757,254305,1000188,,2182,312415
1378,18760,250756,142564,"Ankor Style  Madame Blonda",2179,311552
1378,18775,231226,146536,,2174,309278
1378,18778,0,1005403,,2176,310411
1378,18783,231811,15111,,2183,312481
1378,18784,231811,15860,,2183,312482
1378,18785,231811,146517,נפטון,2183,312475
1378,18786,231811,1020985,,2183,312469
1378,18791,227240,17414,,2180,311903
1378,18797,0,1016584,,2182,312235
1378,18802,259835,1005806,,2177,310986
1378,18803,0,139615,,2179,311564
1378,18804,0,139616,,2179,311568
1378,18808,229733,144130,Ayko,2176,310351
1378,18809,229733,1020518,"Stephanie shou shan",2176,310344
1378,18812,0,19063,,2178,311152
1378,18813,0,1000155,,2178,311263
1378,18818,248599,146050,Bacchus,2176,310187
1378,18820,256356,152001,Mikasa,2179,311520
1378,18821,230988,18985,,2177,310688
1378,18822,230988,1019093,Kleopatra,2177,310680
1378,18833,251583,1017181,"Bright Flame - Stella",2183,312472
1378,18837,250052,147956,"Dandy mc oliver",2175,309967
1378,18839,227378,1004718,נילס,2181,312105
1378,18840,0,1002595,"A TAL טל",2176,310186
1378,18842,0,17992,,2181,312111
1378,18844,230279,1005891,Troy,2176,310169
1378,18846,0,150377,"Grand Prix Maybach",2175,310011
1378,18852,227687,138083,,2179,311564
1378,18853,227078,145495,,2179,311296
1378,18855,229085,1010891,,2179,311355
1378,18856,229085,1000635,,2179,311356
1378,18856,229085,1000635,,2179,311356
1378,18858,250428,19688,,2175,309964
1378,18862,230909,152911,,2184,313084
1378,18863,230909,1002668,ARTEMIS,2184,313084
1378,18864,230909,1020988,"AMORE MIO",2177,310836
1378,18876,0,1003209,Ray,2179,311433
1378,18877,0,1016695,קאי,2179,311431
1378,18878,230535,17560,,2183,312496
1378,18879,230535,148988,"Sweet Love of Mine",2183,312508
1378,18880,230535,1000979,"RADIANT BLACK EUCALYPTUS",2183,312508
1378,18881,230535,1020856,,2183,312505
1378,18892,261636,1016376,Lexa,2183,312728
1378,18897,230436,1020115,"Bold Spirit",2184,313045
1378,18907,231031,19153,,2183,312576
1378,18908,231031,146817,,2183,312736
1378,18909,231031,150917,Rett,2183,312735
1378,18910,231031,1000140,,2183,312735
1378,18911,231031,1004756,,2183,312447
1378,18912,231031,1016374,Zoui,2183,312728
1378,18915,228878,18060,,2179,311441
1378,18916,228878,15661,,2179,311842
1378,18926,227905,19188,,2181,312048
1378,18927,227905,148333,,2181,312044
1378,18929,227905,153496,Faddeus,2181,312043
1378,18930,227905,1000119,,2181,312044
1378,18931,227905,1001876,"Good Archibald",2181,312043
1378,18932,227905,1002940,"Hunter Bono",2181,312041
1378,18933,227905,1005199,"Ivan Tedy",2181,312043
1378,18934,230097,1001157,,2174,309262
1378,18949,0,1000221,,2174,309774
1378,18952,261618,1014798,Daiwa,2175,309870
1378,18960,256986,1001438,,2183,312815
1378,18970,252134,1018994,"Adrastea Nemesida",2179,311848
1378,18972,252134,1002635,,2179,311851
1378,18972,252134,1002635,,2179,311851
1378,18973,249763,150709,ערס,2174,309771
1378,18977,248801,1004708,"Polly Rainbrook Park",2180,311946
1378,18981,257037,1001491,"Alpha Is Just The Begining",2174,309623
1378,18982,257037,1018903,"American Pie",2174,309622
1378,18984,230279,1005895,Odette,2176,310170
1378,18985,257407,1001924,BEN,2174,309771
1378,18992,0,149834,,2174,309545
1378,18994,231071,1000646,,2175,310044
1378,19000,229169,1006230,"Pure Taste",2177,310842
1378,19008,228867,1000640,,2175,309951
1378,19009,228867,1000641,,2175,309948
1378,19030,262918,1018995,נלה,2174,309604
1378,19031,264056,1021029,,2179,311340
1378,19034,0,1019251,,2177,311065
1378,19038,0,147386,,2183,312527
1378,19039,0,1017491,,2183,312520
1378,19049,262958,1012034,פרימו,2176,310519
1378,19053,251879,149706,,2180,311935
1378,19058,231249,1021028,,2183,312680
1378,19061,229364,1005952,ברונו,2178,311143
1378,19064,0,1004044,,2177,311067
1378,19065,253438,151567,דולסינאיה,2174,309386
1378,19067,256794,146389,Harley,2183,312459
1378,19069,0,1017785,,2183,312456
1378,19073,230885,19308,,2183,312767
1378,19074,230885,144596,פאלברה,2174,309326
1378,19075,230885,145560,"laslao barbara pinzel",2183,312764
1378,19076,230885,1002194,"Easy of Laslao",2183,312762
1378,19077,230885,1002834,,2177,310700
1378,19078,230885,1016305,Gorgeous,2183,312759
1378,19099,263045,1019172,פאצ'ה,2180,311894
1378,19118,0,1006459,"Silver Balu of",2175,309961
1378,19127,257581,17993,,2178,311199
1378,19128,257581,145593,Barberi,2178,311168
1378,19135,230736,139468,,2174,309306
1378,19136,230736,145761,,2174,309309
1378,19139,250306,152382,bastianini,2181,312091
1378,19142,251877,152305,"Miss Chelsea",2178,311180
1378,19143,251877,1018793,"Fire Whiskey",2178,311174
1378,19147,231096,1000159,,2180,311947
1378,19154,250370,1000746,איבי,2183,312748
1378,19155,230928,1021079,,2178,311203
1378,19156,230928,1021080,,2178,311204
1378,19160,231756,1020956,"Cleopatra Grace",2177,310870
1378,19164,251571,151404,ששון,2176,310171
1378,19173,258807,1004645,Takila,2176,310526
1378,19180,262368,1006793,"Azalea Milky Way",2183,312458
1378,19181,262368,1006795,"Amadey Star Boy",2183,312457
1378,19183,262597,1018597,"I Love Ellie",2184,313032
1378,19186,0,1005223,,2175,309979
1378,19202,250042,145091,,2183,312783
1378,19208,249724,1005003,,2175,309961
1378,19213,254301,1000182,,2177,310943
1378,19216,231321,1002694,"Diamond Drink Star",2175,310009
1378,19224,256825,150673,תיאו,2175,309899
1378,19227,231830,1000651,,2175,309903
1378,19231,228420,1004921,Xantia,2175,309914
1378,19234,254305,1002732,,2182,312412
1378,19239,229605,1021195,,2174,309395
1378,19248,250479,1021183,,2183,312644
1378,19252,0,19255,,2177,310687
1378,19258,263762,1020661,,2182,312264
1378,19271,264090,1021067,,2177,310843
1378,19280,255562,153092,זורו,2176,310525
1378,19283,231858,17873,,2179,311504
1378,19284,231078,1003201,,2175,309979
1378,19288,231078,1016528,Maria,2175,309976
1378,19296,248871,19707,,2180,311888
1378,19297,248871,1005468,,2182,312282
1378,19298,248871,1019061,,2182,312279
1378,19298,248871,1019061,,2182,312279
1378,19305,231453,18010,,2183,312543
1378,19307,249927,146586,,2179,311567
1378,19312,0,1008899,"Afrodita Yuki",2183,312520
1378,19315,0,1020646,Eclair,2183,312675
1378,19316,256803,141443,,2179,311435
1378,19318,249728,148240,"Florenca Viva Fortuna  Danmiel Stars",2175,309952
1378,19320,231226,1021121,Sasha,2174,309270
1378,19321,263504,1021263,,2180,311893
1378,19325,256995,1001456,,2177,311067
1378,19327,259290,1005069,,2175,310044
1378,19329,254240,152552,Diksi,2175,309980
1378,19331,250743,138123,,2180,311951
1378,19336,231323,152739,בלה,2183,312588
1378,19344,231662,151087,,2183,312816
1378,19345,249821,144413,סוקרי,2179,311387
1378,19350,259043,1004735,,2182,312235
1378,19350,259043,1004735,,2182,312235
1378,19356,259801,1005761,Tim,2175,310043
1378,19363,0,151286,,2183,312459
1378,19374,0,18718,,2176,310287
1378,19384,230397,18189,,2179,311519
1378,19390,0,1020830,,2183,312759
1378,19395,229621,127067,,2179,311410
1378,19408,250160,18129,,2183,312459
1378,19410,256385,1000655,,2175,309877
1378,19420,260837,1021302,,2182,312248
1378,19430,263765,1020662,,2180,311947
1378,19432,230648,15660,,2179,311442
1378,19451,261709,1016696,,2175,309945
1378,19453,258335,1003758,,2183,312800
1378,19462,0,1020576,Puma,2176,310516
1378,19463,264182,1021172,Thor,2176,310515
1378,19465,0,148461,"Brave ",2174,309258
1378,19469,231582,1005270,,2183,312601
1378,19470,231582,1016620,,2183,312602
1378,19473,250577,1005808,,2177,310922
1378,19476,0,1021249,,2183,312551
1378,19482,228562,1005233,"Bella Emma",2181,312028
1378,19491,264109,1001010,"KING EDWARD",2176,310171
1378,19493,258946,1004661,,2182,312411
1378,19494,258946,1004662,,2182,312412
1378,19495,228933,1016642,,2174,309543
1378,19502,0,144726,קישי,2179,311547
1378,19504,253603,151873,סול,2182,312252
1378,19510,231325,145332,Ba-Li,2174,309564
1378,19511,231325,1019546,,2174,309557
1378,19516,258741,1004400,קזסי,2176,310506
1378,19525,263440,1020061,,2175,309923
1378,19531,249912,148716,"AKIRA SAIKO NO",2179,311696
1378,19532,249912,1004984,Angel,2179,311818
1378,19533,249912,1005995,,2179,311546
1378,19534,257340,1001841,Sonic,2174,309561
1378,19538,231126,1016636,,2183,312619
1378,19555,232009,143424,"Hello! t's Me",2183,312512
1378,19563,230381,1018807,"Graifner Count Your Blessings",2182,312310
1378,19568,232152,15388,,2183,312561
1378,19569,232152,153299,,2183,312556
1378,19570,232152,1016382,"גור ראשון",2183,312551
1378,19570,232152,1016382,,2183,312551
1378,19571,232152,1019357,"Star shining bright",2183,312552
1378,19572,260962,1009536,"Andantino Con Espressione",2174,309381
1378,19574,0,138894,,2174,309259
1378,19589,229184,134490,,2183,312608
1378,19590,229184,144608,,2183,312607
1378,19591,229184,1001091,"MENASH mi pninat hamizrach",2183,312603
1378,19592,229184,1001793,"Gabby mi pninat hamizrach",2183,312603
1378,19593,229184,1005031,"Celin Dion Israel Dogslife Mi",2183,312602
1378,19594,229184,1017227,"Amadeus Israel Dogslife Mi",2183,312599
1378,19599,251567,1019034,,2175,309928
1378,19600,231553,1016570,Lychee,2174,309252
1378,19601,0,1004000,,2174,309626
1378,19608,0,1017595,Chief,2176,310519
1378,19616,228752,143549,,2183,312575
1378,19617,228752,150142,EMMA,2183,312448
1378,19618,228752,152792,"My Love Khloe",2183,312572
1378,19619,228752,1012394,Niv,2183,312568
1378,19620,228752,1017922,"Avishay Sabag Spector's Light My Fire",2183,312599
1378,19621,228752,1018004,NOVA,2183,312440
1378,19622,228752,1018787,,2183,312443
1378,19630,231786,138389,,2183,312767
1378,19632,262017,1017331,"Coco Vestidito Negro  N/B",2174,309382
1378,19639,249332,151438,Bella,2180,311884
1378,19640,249332,1016588,,2180,311879
1378,19645,230237,19289,,2174,309389
1378,19649,263578,1020295,"COLT PEACEMAKER",2175,309909
1378,19651,257251,1001719,רוי,2174,309257
1378,19652,256992,1006965,"Golden Crown",2179,312778
1378,19653,256992,1006968,Nicolette,2183,312474
1378,19659,0,1021371,,2178,311256
1378,19665,0,19683,,2174,309389
1378,19668,259450,385702,,2180,311888
1378,19669,259450,1020571,,2180,311879
1378,19672,260679,1007192,Kasiopea,2183,312664
1378,19684,262340,1005733,Maxsimus,2176,310521
1378,19689,259321,1005198,"Istvan Deano",2181,312039
1378,19693,249078,1019296,,2180,311944
1378,19694,249078,1020657,,2180,311942
1378,19702,248643,146980,,2174,309549
1378,19704,256170,1017741,"Winner Takes It All",2175,309943
1378,19706,230648,1000452,טריאנה,2177,310844
1378,19708,230908,1000532,"Blue Chanel",2176,310220
1378,19715,227905,1001884,Greise,2181,312044
1378,19720,250737,150811,MIKI,2183,312911
1378,19721,250737,1019032,,2183,312904
1378,19724,249549,144115,"שאיו קוזין",2177,311067
1378,19726,254429,1000239,,2183,312667
1378,19728,231321,1002696,"Damira Black Queen",2175,310010
1378,19732,260741,1008504,,2178,311176
1378,19735,258666,1004308,תור,2183,312553
1378,19738,230251,1017838,Chiara,2179,311432
1378,19739,230251,1017839,Kinder,2179,311432
1378,19750,0,1020270,"כוכבת נלה",2180,311894
1378,19759,0,1000241,,2183,312603
1378,19760,0,1020831,,2183,312600
1378,19761,256666,1001003,BABAR,2178,311179
1378,19765,0,1001155,"Lilybeth israel dogslife mi",2183,312602
1378,19770,256221,1021347,,2183,312934
1378,19773,0,149005,בל,2183,312524
1378,19774,260685,1007206,,2175,309870
1378,19779,229557,1001085,,2175,310060
1378,19780,229316,1004059,"Like A Dream",2174,309655
1378,19786,231296,17407,,2174,309326
1378,19787,231296,138644,ג'סי,2181,312096
1378,19788,231296,140325,דול,2174,309550
1378,19789,231296,148185,סטארק,2174,309325
1378,19792,261900,1017182,,2183,312472
1378,19798,229667,145407,SAHRRAA,2179,311440
1378,19799,229667,1000207,,2179,311435
1378,19800,229667,1001242,,2179,311436
1378,19801,229667,1021376,GISADA,2179,311428
1378,19809,230757,142147,"Pure Gold",2174,309630
1378,19818,231063,1016749,,2183,312539
1378,19832,228360,1006418,"Sunny Smile Ilon",2177,310969
1378,19833,228360,1006419,"Devoted Heart Ilton",2177,310967
1378,19834,228360,1006421,"Bringing Joy Ivetta",2177,310970
1378,19837,250532,147103,"מוניקה בלוצ'י",2183,312464
1378,19841,230746,1004142,איסלה,2177,310954
1378,19843,0,1007387,Bell,2176,310520
1378,19849,250186,1016242,,2174,309381
1378,19853,0,1016583,,2175,309867
1378,19855,0,1021295,Dave,2176,310405
1378,19856,0,1004080,,2174,309257
1378,19858,0,18160,,2175,309919
1378,19867,0,1017647,"Desert's Fata Morgana",2174,309621
1378,19869,231882,1000601,,2182,312331
1378,19873,262586,1018063,Aluna,2184,313078
1378,19883,231836,1001014,CELESTE,2178,311178
1378,19891,229924,1021389,,2174,309572
1378,19893,249528,152674,,2177,311067
1378,19895,258939,1004651,Raga,2176,310522
1378,19897,0,18615,,2180,311936
1378,19900,228776,1019265,"Alma Mater",2174,309302
1378,19902,257081,1001493,"APPLE BEAN PIE",2174,309624
1378,19907,231926,16459,,2177,310704
1378,19919,258811,1004459,,2176,310187
1378,19925,0,151154,,2175,310044
1378,19927,256544,150998,USHA,2175,309948
1378,19932,0,1021397,,2174,309381
1378,19938,231159,122554,,2181,312098
1378,19939,231159,146108,Clonex,2181,312096
1378,19940,231159,1003995,Chia,2181,312092
1378,19944,0,19117,,2182,312272
1378,19945,0,19291,,2182,312271
1378,19952,0,18593,,2180,311952
1378,19958,230739,145896,"Do Re Mi",2176,310080
1378,19963,250564,19110,,2183,312447
1378,19964,250564,1016532,,2183,312442
1378,19965,250564,1016533,,2183,312570
1378,19968,0,146479,,2179,311292
1378,19969,0,1021405,,2184,313110
1378,19971,264255,1021325,"LEONARDO BLUM",2182,312227
1378,19972,264184,1021175,Maus,2176,310515
1378,19975,230290,1002830,Antonio,2177,310699
1378,19983,250167,1000194,,2183,312896
1378,19993,0,150766,"How Deep Is Your Love",2174,309546
1378,19994,0,1000269,,2174,309629
1378,19995,0,1005978,,2174,309835
1378,19996,0,1016330,"Midnight Beuty",2174,309318
1378,20009,257236,1001697,MInimee,2177,311068
1378,20013,0,385779,,2174,309631
1378,20016,260174,1006393,מיליסיה,2174,309542
1378,20018,0,152422,Mate,2174,309787
1378,20021,259695,1005598,"De Paul",2178,311177
1378,20029,227675,19681,,2179,311391
1378,20030,227675,1003769,Zlata,2179,311392
1378,20040,254042,1005714,סייקו,2174,309562
1378,20042,0,153303,דילן,2183,312683
1378,20053,0,152011,"Eastern wind",2179,311435
1378,20054,0,152594,"Dominic Toretto",2179,311599
1378,20057,249142,145542,המייפל,2176,310124
1378,20058,229667,1007199,"Lemon & Cinnamon",2179,311431
1378,20070,231190,137217,,2174,309549
1378,20071,231190,1021388,,2174,309541
1378,20078,231403,1004521,ליקריץ,2174,309546
1378,20079,231403,1004522,רגליס,2174,309544
1378,20084,228159,1000156,,2178,311151
1378,20085,261504,1016297,"Alhena Stream of Passion",2180,311928
1378,20093,258418,1003966,Steve,2174,309543
1378,20099,0,1017374,"Kevin קווין",2174,309253
1378,20100,0,1017375,קיילי,2174,309254
1378,20104,0,1000187,,2179,311435
1378,20106,249429,18669,,2176,310283
1378,20108,0,1004700,California,2178,311260
1378,20111,0,17688,,2178,311169
1378,20113,248880,1008944,"Theres So Much Fun In",2174,309542
1378,20114,0,1017876,CASHEW,2182,312229
1378,20118,0,1004005,Quincey,2182,312234
1378,20122,0,1020521,"Chocolate factory Charlie AKA Charlie",2174,309537
1378,20124,0,1001166,,2174,309257
1378,20126,0,1021420,,2177,310932
1378,20128,0,1021197,,2176,310086
1378,20131,0,151578,דנבר,2176,310527
1378,20136,0,1016526,,2176,310316
1378,20138,0,1021131,,2177,310792
1378,20140,0,1019351,,2183,312518
1378,20147,0,19702,,2176,310188
1378,20149,0,1019600,דונה,2183,312662
1378,20150,0,149029,"KeShay Matnat Yekum",2184,313052
1378,20155,0,150922,Rada,2183,312732
1378,20168,0,19228,,2179,311391
1378,20169,0,1004040,,2174,309448
1378,20173,0,149707,,2180,311931
1378,20180,0,1006585,,2183,312937
1378,20184,0,146581,Lili,2176,310412
1378,20187,0,1002947,Vespa,2181,312042
1378,20225,0,1001872,קינדר,2182,312553
1378,20230,0,136848,,2180,311947
